3,食品饮料
3,食品饮料
2,家庭清洁/纸品
2,家庭清洁/纸品
2,家庭清洁/纸品
2,家庭清洁/纸品
2,家居日用
2,日用百货
2,家居日用
2,家居日用
2,日用百货
7,食品饮料
7,食品饮料
7,食品饮料
7,食品饮料
7,食品饮料
7,食品饮料
7,食品饮料
8,母婴
8,母婴
8,母婴
8,母婴
8,母婴
8,母婴
8,母婴
8,母婴
8,母婴
8,母婴
8,母婴
8,母婴
8,母婴
8,母婴
8,母婴
5,个护/家清
5,个人护理
5,个人护理
5,个人护理
5,个人护理
5,个人护理
5,个人护理
5,个人护理
5,个人护理
5,个人护理
5,个人护理
5,个人护理
5,个人护理
9,家用电器
9,家用电器
9,家用电器
9,家用电器
9,家用电器
9,家用电器
9,家用电器
9,家用电器
9,家用电器
9,家用电器
9,家用电器
9,家用电器
9,家用电器
9,家用电器
9,家用电器
9,家用电器
9,家用电器
9,家用电器
9,家用电器
9,家用电器
9,家用电器
9,家用电器
9,家用电器
9,手机通讯
9,手机通讯
9,数码、电脑
9,数码、电脑
9,数码、电脑
9,数码、电脑
9,数码、电脑
9,数码、电脑
9,数码、电脑
9,数码产品
9,数码产品
10,美容护肤/彩妆
10,美容护肤/彩妆
10,美容护肤/彩妆
10,美妆护肤
10,美妆护肤
10,美妆护肤
10,美妆护肤
10,美妆护肤
10,美妆护肤
10,美妆护肤
10,美妆护肤
10,美妆护肤
10,美妆护肤
10,美妆护肤
10,美妆护肤
10,美妆护肤
10,美妆护肤
11,家纺
11,家纺
11,家纺
11,家纺
11,家纺
11,家纺
11,家纺
11,家纺
11,家纺
11,家纺
11,家纺家饰
11,家纺家饰