食品饮料,粮油调味,米
食品饮料,休闲食品,休闲零食
食品饮料,粮油调味,方便食品
食品饮料,休闲食品,坚果炒货
食品饮料,休闲食品,饼干蛋糕
食品饮料,休闲食品,蜜饯果干
食品饮料,休闲食品,肉干肉脯
食品饮料,粮油调味,米
食品饮料,休闲食品,饼干蛋糕
食品饮料,休闲食品,饼干蛋糕
食品饮料,休闲食品,坚果炒货
食品饮料,休闲食品,坚果炒货
母婴,洗护用品,婴童湿巾
母婴,尿裤湿巾,婴儿尿裤
母婴,洗护用品,婴童湿巾
母婴,洗护用品,洗衣液/皂
母婴,洗护用品,婴童湿巾
母婴,洗护用品,日常护理
母婴,营养辅食,宝宝零食
家庭清洁/纸品,清洁纸品,抽纸
家庭清洁/纸品,衣物清洁,洗衣液
家庭清洁/纸品,家庭环境清洁,洗洁精
家庭清洁/纸品,衣物清洁,洗衣液
家庭清洁/纸品,清洁纸品,抽纸
家庭清洁/纸品,清洁纸品,抽纸
家庭清洁/纸品,家庭环境清洁,洁厕剂
家居日用
家居日用,收纳用品,收纳箱/盒
家居日用,收纳用品,收纳柜
家居日用,收纳用品,收纳柜
家居日用
家居日用
美妆护肤,面部护肤,面膜
手机通讯,手机配件,数据线
手机通讯,手机配件,数据线
手机通讯,手机配件,数据线
个人护理,口腔护理,牙膏
个人护理,口腔护理,牙膏
家庭清洁/纸品,清洁纸品,手帕纸
家庭清洁/纸品,清洁纸品,抽纸
美妆护肤,面部护肤,面膜
美妆护肤,男士面部护肤,男士洁面
美妆护肤,面部护肤,套装/礼盒
家用电器,生活电器,电风扇
家居日用,收纳用品,收纳盒
母婴,洗护用品,婴童湿巾
个人护理,口腔护理,牙膏
家庭清洁/纸品,衣物清洁,洗衣液
食品饮料,粮油调味,调味品
内衣,内裤,男士平角裤/平脚裤
个人护理,身体护理,香皂
个人护理,女性护理,卫生巾
个人护理,口腔护理,牙膏
食品饮料,粮油调味,米
内衣,保暖裤,保暖内衣
内衣,保暖内衣,保暖套装
内衣,文胸,无痕文胸
数码、电脑,手机配件,移动电源
家纺家饰,毛巾,毛巾、面巾
内衣,袜子,运动、休闲棉袜
内衣,袜子,船袜、隐形袜
内衣,保暖裤,保暖内衣
内衣,内裤,男士平角裤/平脚裤
家纺家饰,毛巾,毛巾、面巾
家居日用,收纳用品,收纳箱/盒
个人护理,身体护理,沐浴露
手机通讯,手机配件,数据线
家庭清洁/纸品,衣物清洁,洗衣凝珠
个人护理,身体护理,沐浴露
家庭清洁/纸品,衣物清洁,洗衣凝珠
个人护理,身体护理,香皂
家居日用,收纳用品,收纳箱/盒
食品饮料,休闲食品,饼干/膨化
家居日用
食品饮料,粮油调味,挂面
家庭清洁/纸品,家庭环境清洁,洗洁精
家用电器,个护健康,干衣机
美妆护肤,身体护肤,护手霜
个人护理,女性护理,卫生巾
家纺,床上用品,四件套
家纺,床上用品,蚊帐
家纺,床上用品,冰丝席
内衣,袜子,商务袜
个人护理,身体护理,沐浴露
母婴,洗护用品,婴童乳霜纸
个人护理,口腔护理,牙刷
个人护理,洗发护发,护发精华
个人护理,口腔护理,牙膏
个人护理,身体护理,沐浴露
家居日用
家居日用,生活日用,浴室用品
服饰内衣,男装,T恤
美妆护肤,面部护肤,面膜
家庭清洁/纸品,清洁用具,抹布/百洁布
美妆护肤,男士面部护肤,男士面膜
美妆护肤,美妆工具,化妆棉
美妆护肤,男士面部护肤,男士洁面
手机通讯,手机配件,移动电源
母婴,尿裤湿巾,拉拉裤
手机通讯,手机配件,数据线
家纺,居家布艺,一次性洗脸巾
个人护理,身体护理,沐浴露
个人护理,洗发护发,洗发水
母婴,洗护用品,座便器
家纺,床上用品,纤维被
服饰内衣,男装,工装
手机通讯,手机配件,数据线
家庭清洁/纸品,清洁纸品,湿巾
母婴,尿裤湿巾,拉拉裤
女装,连衣裙
女装,连衣裙
女装,连衣裙
手机通讯,手机配件,手机支架
家纺,居家布艺,浴巾
家纺,床上用品,床垫/床褥
家纺,床上用品,花草枕
母婴,婴童寝居,婴童隔尿垫/巾
家纺,床上用品,毛毯
家纺,床上用品,四件套
家居日用,生活日用,雨伞雨具
美容护肤/彩妆,彩妆香氛,眼影
内衣,袜子,船袜、隐形袜
内衣,袜子,运动、休闲棉袜
内衣,女士三角裤,内裤
个人护理,洗发护发,洗发水
个人护理,身体护理,沐浴露
个人护理,身体护理,香皂
个人护理,口腔护理,其它口腔护理产品
家庭清洁/纸品,清洁纸品,卷纸
家居日用,收纳用品,收纳盒
家纺,居家布艺,一次性洗脸巾
食品饮料,休闲食品,蜜饯果干
食品饮料,休闲食品,饼干蛋糕
服饰内衣,内衣,休闲棉袜 
家用电器,厨卫大电,油烟机
家用电器,个护健康,剃须刀
美妆护肤,男士面部护肤,男士洁面
日用百货,餐具,西餐刀、叉、勺
内衣,保暖套装,保暖内衣
家纺家饰,毛巾、面巾,毛巾
个人护理,美发假发/造型,美发工具
生活用品,个人护理,剃须刀
日用百货,卫浴洗漱用具,牙刷架、牙具座
家纺家饰,毛巾,毛巾、面巾
美妆护肤,面部护肤,洁面
男装,男式沙滩裤
美妆护肤,面部护肤,眼霜/眼部精华
日用百货,收纳防尘,收纳盒
内衣,女士内裤,女士三角裤
母婴,尿裤湿巾,拉拉裤
日用百货,收纳防尘,收纳盒
内衣,女士内裤,女士三角裤
母婴,尿裤湿巾,拉拉裤
日用百货,收纳防尘,收纳盒
内衣,女士内裤,女士三角裤
母婴,尿裤湿巾,拉拉裤
日用百货,收纳防尘,收纳盒
内衣,女士内裤,女士三角裤
母婴,尿裤湿巾,拉拉裤
日用百货,收纳防尘,收纳盒
内衣,女士内裤,女士三角裤
母婴,尿裤湿巾,拉拉裤
日用百货,收纳防尘,收纳盒
内衣,女士内裤,女士三角裤
母婴,尿裤湿巾,拉拉裤
日用百货,收纳防尘,收纳盒
内衣,女士内裤,女士三角裤
母婴,尿裤湿巾,拉拉裤
日用百货,收纳防尘,收纳盒
内衣,女士内裤,女士三角裤
母婴,尿裤湿巾,拉拉裤
日用百货,收纳防尘,收纳盒
内衣,女士内裤,女士三角裤
母婴,尿裤湿巾,拉拉裤
日用百货,收纳防尘,收纳盒
内衣,女士内裤,女士三角裤
母婴,尿裤湿巾,拉拉裤
日用百货,收纳防尘,收纳盒
内衣,女士内裤,女士三角裤
母婴,尿裤湿巾,拉拉裤
日用百货,收纳防尘,收纳盒
内衣,女士内裤,女士三角裤
母婴,尿裤湿巾,拉拉裤
日用百货,收纳防尘,收纳盒
内衣,女士内裤,女士三角裤
母婴,尿裤湿巾,拉拉裤
日用百货,收纳防尘,收纳盒
内衣,女士内裤,女士三角裤
母婴,尿裤湿巾,拉拉裤
日用百货,收纳防尘,收纳盒
内衣,女士内裤,女士三角裤
母婴,尿裤湿巾,拉拉裤
日用百货,收纳防尘,收纳盒
内衣,女士内裤,女士三角裤
母婴,尿裤湿巾,拉拉裤
日用百货,收纳防尘,收纳盒
内衣,女士内裤,女士三角裤
母婴,尿裤湿巾,拉拉裤
日用百货,收纳防尘,收纳盒
内衣,女士内裤,女士三角裤
母婴,尿裤湿巾,拉拉裤
日用百货,收纳防尘,收纳盒
内衣,女士内裤,女士三角裤
母婴,尿裤湿巾,拉拉裤
日用百货,收纳防尘,收纳盒
内衣,女士内裤,女士三角裤
母婴,尿裤湿巾,拉拉裤
日用百货,收纳防尘,收纳盒
内衣,女士内裤,女士三角裤
母婴,尿裤湿巾,拉拉裤
日用百货,收纳防尘,收纳盒
内衣,女士内裤,女士三角裤
母婴,尿裤湿巾,拉拉裤
日用百货,收纳防尘,收纳盒
内衣,女士内裤,女士三角裤
母婴,尿裤湿巾,拉拉裤
日用百货,收纳防尘,收纳盒
内衣,女士内裤,女士三角裤
母婴,尿裤湿巾,拉拉裤
日用百货,收纳防尘,收纳盒
内衣,女士内裤,女士三角裤
母婴,尿裤湿巾,拉拉裤
日用百货,收纳防尘,收纳盒
内衣,女士内裤,女士三角裤
母婴,尿裤湿巾,拉拉裤
日用百货,收纳防尘,收纳盒
内衣,女士内裤,女士三角裤
母婴,尿裤湿巾,拉拉裤
日用百货,收纳防尘,收纳盒
内衣,女士内裤,女士三角裤
母婴,尿裤湿巾,拉拉裤
日用百货,收纳防尘,收纳盒
内衣,女士内裤,女士三角裤
母婴,尿裤湿巾,拉拉裤
日用百货,收纳防尘,收纳盒
内衣,女士内裤,女士三角裤
母婴,尿裤湿巾,拉拉裤
日用百货,收纳防尘,收纳盒
内衣,女士内裤,女士三角裤
母婴,尿裤湿巾,拉拉裤
日用百货,收纳防尘,收纳盒
内衣,女士内裤,女士三角裤
母婴,尿裤湿巾,拉拉裤
日用百货,收纳防尘,收纳盒
内衣,女士内裤,女士三角裤
母婴,尿裤湿巾,拉拉裤
日用百货,收纳防尘,收纳盒
内衣,女士内裤,女士三角裤
母婴,尿裤湿巾,拉拉裤
日用百货,收纳防尘,收纳盒
内衣,女士内裤,女士三角裤
母婴,尿裤湿巾,拉拉裤
日用百货,收纳防尘,收纳盒
内衣,女士内裤,女士三角裤
母婴,尿裤湿巾,拉拉裤
日用百货,收纳防尘,收纳盒
内衣,女士内裤,女士三角裤
母婴,尿裤湿巾,拉拉裤
日用百货,收纳防尘,收纳盒
内衣,女士内裤,女士三角裤
母婴,尿裤湿巾,拉拉裤
日用百货,收纳防尘,收纳盒
内衣,女士内裤,女士三角裤
母婴,尿裤湿巾,拉拉裤
日用百货,收纳防尘,收纳盒
内衣,女士内裤,女士三角裤
母婴,尿裤湿巾,拉拉裤
日用百货,收纳防尘,收纳盒
内衣,女士内裤,女士三角裤
母婴,尿裤湿巾,拉拉裤
日用百货,收纳防尘,收纳盒
内衣,女士内裤,女士三角裤
母婴,尿裤湿巾,拉拉裤
日用百货,收纳防尘,收纳盒
内衣,女士内裤,女士三角裤
母婴,尿裤湿巾,拉拉裤
日用百货,收纳防尘,收纳盒
内衣,女士内裤,女士三角裤
母婴,尿裤湿巾,拉拉裤
日用百货,收纳防尘,收纳盒
内衣,女士内裤,女士三角裤
母婴,尿裤湿巾,拉拉裤
日用百货,收纳防尘,收纳盒
内衣,女士内裤,女士三角裤
母婴,尿裤湿巾,拉拉裤
日用百货,收纳防尘,收纳盒
内衣,女士内裤,女士三角裤
母婴,尿裤湿巾,拉拉裤
日用百货,收纳防尘,收纳盒
内衣,女士内裤,女士三角裤
母婴,尿裤湿巾,拉拉裤
日用百货,收纳防尘,收纳盒
内衣,女士内裤,女士三角裤
母婴,尿裤湿巾,拉拉裤
日用百货,收纳防尘,收纳盒
内衣,女士内裤,女士三角裤
母婴,尿裤湿巾,拉拉裤
日用百货,收纳防尘,收纳盒
内衣,女士内裤,女士三角裤
母婴,尿裤湿巾,拉拉裤